{
    "2284": [
        [
            37.4650912319711,
            126.93612866165
        ],
        [
            37.4650912319711,
            126.93612866165
        ],
        [
            37.4650912319711,
            126.93612866165
        ]
    ],
    "2284": [
        [
            37.4650912319711,
            126.93612866165
        ],
        [
            37.4650912319711,
            126.93612866165
        ],
        [
            37.4650912319711,
            126.93612866165
        ]
    ]
}