{
    "2284": [
        [
            37.4650912319711,
            126.93612866165
        ]
    ],
    "2284": [
        [
            37.4874127684412,
            126.927123713685
        ]
    ]
}